,precision,recall,f1-score,support
FALSE,0.5671641791044776,0.59375,0.5801526717557252,64.0
MISLEADING,0.7066666666666667,0.6162790697674418,0.6583850931677019,86.0
TRUE,0.7636363636363637,0.8936170212765957,0.8235294117647058,47.0
accuracy,0.6751269035532995,0.6751269035532995,0.6751269035532995,0.6751269035532995
macro avg,0.6791557364691693,0.7012153636813458,0.687355725562711,197.0
weighted avg,0.6749378166849187,0.6751269035532995,0.6723693977549744,197.0
